Country,2000,2001,2002,2003,2004,2005,2006,2007,2008,2009,2010,2011,2012
Bermuda,3.65773,3.63197,3.66775,3.9823,4.25041,4.50488,4.49951,4.80416,4.01941,4.57818,4.50146,4,4.14849
Canada,2013.9098,2043.1698,2065.0657,2190.7123,2281.9645,2314.9753,2228.8493,2283.3178,2224.9235,2162.9288,2264.5945,2266.0411,2286.5226
Greenland,3.65473,3.77279,3.81367,3.83411,3.8644,3.93923,4.02227,3.92581,4.3411,4.24229,4.24435,4,3.93073
Mexico,2095.9262,2068.7041,2019.1397,2015.6603,2069.2049,2116.6712,2122.9315,2172.8055,2161.1421,2070.7151,2080.4329,2113.3753,2144.1639
Saint Pierre and Miquelon,0.50087,0.45844,0.45844,0.49932,0.54164,0.55679,0.56356,0.584,0.584,0.584,0.584,0.6,0.98881
United States,19701.0762,19648.70493,19761.30367,20033.50685,20731.15027,20802.16152,20687.41802,20680.37798,19497.96415,18771.39998,19180.12601,18882.07246,18490.21355
Antarctica,1.46754,1.492,1.492,1.53288,1.52869,1.63507,1.63507,1.57375,1.805,1.57375,0.52657,1,0.7
Antigua and Barbuda,3.49888,3.50973,3.5289,3.74027,4.03779,4.39866,4.47137,4.30899,3.25978,4.56022,4.55068,4,4
Argentina,510.92666,474.39381,438.29599,449.99246,471.78796,483.01017,535.41874,586.96589,581.88449,588.62035,620.25792,678,698.75612
Aruba,6.51367,6.53151,6.53151,6.98335,7.0626,7.24591,7.74661,7.03353,6.64606,6.72515,6.72515,6,5.86591
Bahamas, The,22.22257,21.84008,22.25622,26.59715,26.95549,30.7343,30.85775,29.38258,20.26392,22.83304,22.83304,23,24.21692
Barbados,10.82079,10.37063,10.37063,10.57063,7.10299,9.83068,9.29823,8.30251,7.71863,9.30128,8.77669,9,8.15827
Belize,4.70555,6.2617,6.0083,6.28537,6.75418,7.12225,7.20362,7.3257,3.55266,3.49537,3.49333,3.5,5
Bolivia,48.10438,46.74128,46.72355,46.25618,49.6202,50.79877,58.051,59.6934,61.60638,50.5272,54.35348,57,62.37693
Brazil,2166.2849,2206.07876,2131.59593,2055.68281,2122.80671,2206.22366,2287.02865,2355.08244,2204.61323,2481.45419,2621.7818,2721.62284,2806.93648
Cayman Islands,2.38661,2.41359,2.41359,2.50085,2.6982,2.81844,3.19153,3.70011,4.49118,3.73049,3.75386,3.7,3.25615
Chile,239.6257,233.4411,239.6493,248.5014,263.4208,272.3452,278.674,351.6712,369.8798,367.611,322.863,333.9128,356.2443
Colombia,277.48742,271.18171,261.19847,265.35573,267.51582,270.70806,274.16409,279.89112,259.77826,257.49681,267.45179,282,287.16071
Costa Rica,36.28123,37.5861,39.66431,41.92412,41.56274,40.61221,45.72419,48.63008,49.63222,47.59215,48.66709,48,52.82493
Cuba,195.00103,203.59865,201.51358,204.84513,228.50067,198.03543,157.0871,161.31249,141.39659,169.55057,163.93917,184,170.90581
Dominica,0.58913,0.74847,0.81564,0.88282,0.77183,0.66956,0.83819,0.85863,0.91177,0.91586,0.91586,1,0.93697
Dominican Republic,110.06245,113.95028,116.15299,115.27981,114.07414,115.41066,116.72584,118.71721,122.29318,113.06019,112.9013,120,122.64666
Ecuador,130.53807,139.96972,141.72825,146.05752,151.89558,159.40565,173.53798,181.1829,219.78112,208.12754,226.42156,216,212.65692
El Salvador,38.06215,39.40596,39.01227,42.3555,41.9346,43.36019,44.26823,44.77912,41.89345,43.03511,43.18622,45,45.17948
Falkland Islands (Islas Malvinas),0.1871,0.18762,0.20805,0.20805,0.22787,0.24893,0.27085,0.31247,0.31247,0.31247,0.31247,0.3,0.3
French Guiana,6.3362,6.35356,6.52838,6.81129,6.61814,6.8934,6.95419,6.70907,6.20832,5.4562,6.49173,7,6.78165
Grenada,0.95656,1.60636,1.7449,1.75915,1.77601,1.8203,1.92331,1.91332,1.97641,2.01202,2.00411,2,3.16619
Guadeloupe,12.4268,12.65964,12.87597,13.39367,13.71986,14.41088,15.07622,16.6431,16.96504,14.67668,14.67668,15,15.95613
Guatemala,59.28765,65.9002,64.5576,64.98263,67.565,70.28645,70.53295,73.62677,66.62255,76.08702,70.83423,80,80.59101
Guyana,10.80984,11.09808,11.27318,11.07882,10.06902,10.98573,10.54776,10.47773,10.67795,10.80959,10.74539,11,10.87901
Haiti,10.32929,11.23088,11.59627,11.54638,11.83667,11.97918,12.28175,13.48173,16.58803,15.42578,14.11079,14,14.03093
Honduras,28.10656,33.00392,36.33874,36.53923,41.85377,44.09142,46.20162,50.93071,48.69175,43.75258,46.37079,48,64.43742
Jamaica,65.64429,66.20467,67.77564,70.43461,71.3326,68.97398,77.92538,82.44764,80.34852,58.05093,57.6127,60,78.79754
Martinique,13.34537,13.45738,13.66651,14.23659,14.67062,15.51688,15.4885,16.09932,14.33585,16.87007,16.88873,18,18.2938
Montserrat,0.37063,0.37164,0.37164,0.41545,0.45801,0.48263,0.52058,0.56438,0.57256,0.56847,0.56847,0.6,0.6
Netherlands Antilles,70.96349,71.86007,70.50978,65.75789,66.39284,69.94149,73.1393,75.62523,87.08532,79.04042,74.7952,74,72.10518
Nicaragua,24.01982,25.57661,25.4155,25.64036,27.17102,28.60345,28.25023,29.24792,28.01715,28.28525,28.19419,30,33.01153
Panama,77.38338,80.28356,76.59439,77.57036,88.02798,84.3049,86.35461,89.49351,52.01077,97.67033,108.59321,106,100.00679
Paraguay,25.09844,24.06136,25.05413,26.02275,26.09367,25.81028,25.98254,26.33079,28.10751,28.88402,31.22364,28,27.11851
Peru,156.795,153.87177,152.33588,154.22394,161.95668,157.73374,170.08984,165.72279,186.48542,188.23158,192.45697,182,171.7031
Puerto Rico,201.35484,213.86416,212.07521,217.80925,222.76292,215.2137,210.73122,169.64931,175.24,155.61563,176,152,152.64224
Saint Kitts and Nevis,0.70117,0.7031,0.7031,0.78852,0.87156,0.91775,1.2017,1.69882,1.69882,1.78425,1.78425,1.8,1.65287
Saint Lucia,2.32811,2.43668,2.49222,2.73718,2.67809,2.63126,2.7471,2.85104,2.97953,2.91407,2.91407,3,2.97633
Saint Vincent/Grenadines,1.21191,1.23438,1.30704,1.37677,1.46776,1.46044,1.45096,1.47433,1.47433,1.47433,1.47433,1.5,2.00999
Suriname,10.3277,10.88293,11.45564,11.72637,12.2155,12.57825,12.94095,12.77893,12.77893,13.13506,12.90068,14,14.51667
Trinidad and Tobago,24.67671,28.99946,28.3146,31.34004,32.44875,34.93783,37.16455,38.56233,41.41216,37.25045,36.74786,40,43.68649
Turks and Caicos Islands,0.09783,0.10816,0.08378,0.08378,0.08355,0.08378,0.08,0.47008,1.04236,1.06279,1.06279,1,0.99222
Uruguay,43.17581,34.10713,37.04171,36.69401,38.47339,40.14169,46.7988,45.30175,59.5088,59.2831,55.90983,55,50.03497
Venezuela,499.70728,544.46617,570.67316,540.64298,552.84573,583.15155,630.97502,691.10455,862.39214,674.67632,718.18662,750.88141,776.89996
Virgin Islands,  U.S.,66.08131,91.69868,93.24432,108.77621,110.89677,108.74795,115.57056,113.13775,108.33,111.25516,113.5118,138,152.43016
Virgin Islands, British,0.41139,0.41252,0.41252,0.47677,0.60434,0.64981,0.69142,0.75189,0.783,0.77261,0.77261,0.8,1.08934
Albania,21.03669,22.68161,24.27649,27.39992,28.82831,31.20335,31.88928,31.54438,29.99137,27.5558,25.86851,28,27.81983
Austria,250.5984,267.0438,273.6192,288.811,295.3716,299.2521,298.8164,292.9671,282.7623,271.4795,279.3945,265.2589,258.765
Belgium,606.3169,609.0685,617.2685,654.5534,656.541,659.811,638.2274,640.3753,716.6148,630.2,655.1918,622.6301,617.8224
Bosnia and Herzegovina,19.23178,19.28447,20.12625,21.76819,24.94068,26.04668,25.78386,26.05485,27.25386,27.75153,28.57973,28,29.04339
Bulgaria,99.8835,101.30681,105.73424,102.21437,104.45404,113.89735,116.04728,114.0509,104.93288,101.98057,103.12483,105,114.99258
Croatia,85.53877,85.53626,89.48719,91.34114,95.49809,95.75973,103.32823,98.01701,95.25647,90.16155,82.77325,92,93.46071
Cyprus,47.49666,51.62806,50.88289,51.59596,54.54117,55.50742,58.10441,58.0969,60.28334,57.848,55.97567,58,60.04257
Czech Republic,169.8142,178.7534,175.9973,187.5726,205.8989,212.948,211.5069,211.2411,215.0273,205.4795,201.4,196.9151,195.4918
Denmark,210,213.4109,197.1644,188.2712,185.3333,183.463,190.4493,190.6137,181.0546,166.5123,167.4685,163.9589,155.4918
Faroe Islands,4.46232,4.45795,4.49115,4.53496,4.57989,4.63625,4.92167,4.77551,4.85893,4.87937,4.66072,5,4.87722
Finland,212.8224,211.537,217.2055,220.3671,219.2322,218.4493,223.3562,227.274,217.5273,206.4,215.9452,207.6849,196.5137
Former Czechoslovakia,--,--,--,--,--,--,--,--,--,--,--,--,--
Former Serbia and Montenegro,62.47702,81.93629,83.81769,84.66936,85.07921,86.087,--,--,--,--,--,--,--
Former Yugoslavia,--,--,--,--,--,--,--,--,--,--,--,--,--
France,1999.5956,2054.074,1984.611,2001.2931,2009.3388,1990.8877,1991.1425,1979.2219,1945.4399,1868.4137,1833.4219,1792.4219,1739.8169
Germany,2766.7514,2807.4603,2710.4,2662.3671,2649.3989,2620.6658,2638.9233,2416.4055,2542.3033,2452.9534,2469.6,2396.5945,2388.3415
Germany, East,--,--,--,--,--,--,--,--,--,--,--,--,--
Germany, West,--,--,--,--,--,--,--,--,--,--,--,--,--
Gibraltar,41.08896,22.67871,23.06962,23.66844,24.35363,25.04556,25.61384,26.40225,27.00222,27.79063,28.23482,27,22.41459
Greece,399.2131,405.7288,408.3945,428.7288,419.7595,423.8767,444.0959,449.9041,428.8552,403.3644,372.411,350.9562,317.9153
Hungary,143.2459,138.1562,140.3945,136.4222,136.1967,154.7589,163.1507,160.9205,158.8754,158.2221,149.2767,143.1945,132.6394
Iceland,18.2295,17.4909,18.0484,18.3057,19.0311,19.3614,20.0778,20.7317,23.0636,21.9783,20.9558,21.2156,20.5454
Ireland,169.9809,182.4274,179.4055,176.2438,181.7541,191.9096,202.2055,194.0301,191.5136,162.6849,161.4411,143.1616,133.194
Italy,1853.7678,1832.4438,1870.1315,1859.6548,1828.9235,1780.5699,1776.5863,1728.7041,1666.7896,1544.2356,1544.2438,1493.8,1352.7596
Luxembourg,47.5519,50.6173,51.7302,55.507,62.4186,64.71,61.4387,60.7935,61.0763,57.3142,59.9214,61.3669,61.5036
Macedonia,22.07082,18.47682,20.16704,19.80205,19.64932,19.88729,19.62611,20.18912,18.71932,19.10433,18.58474,19,17.08318
Malta,18.15885,15.06027,18.04836,17.98227,18.20814,18.91285,17.91038,19.05603,36.57995,39.79178,46.87685,45,39.27908
Montenegro,--,--,--,--,--,--,2.891,3.149,3.66632,3.77344,2.93058,4,4.74532
Netherlands,854.5164,893.6548,898.3233,918.6411,947.8661,1021.3835,999.4767,1111.274,1068.6858,1005.2192,1019.7534,1016.4493,1020.8415
Norway,211.3954,219.6011,218.596,229.2695,215.5217,216.7056,236.698,231.7108,229.3883,224.8503,220.7679,224.2609,218.0419
Poland,411.2623,404.6877,406.4329,430.6685,454.1366,470.4137,500.2931,520.6383,535.9126,541.0493,564.189,559.4794,522
Portugal,332.7049,333.8575,343.2247,325.9808,327.959,336.9205,295.8247,308.4192,288.3033,274.7233,274.4109,260.5288,234.0246
Romania,224.23827,228.90572,232.28448,219.60536,225.08886,221.88468,217.62663,224.04533,230.94889,201.34682,193.46327,217,216.33098
Serbia,--,--,--,--,--,--,89.08786,91.49548,76.74649,81.65512,83.68644,81,80.02023
Slovakia,66.765,71.1581,82.8765,74.9768,74.8416,78.5052,78.3388,83.3027,85.9784,80.6242,83.6943,81.8786,70.2983
Slovenia,50.1612,52.0932,50.5452,51.263,52.4317,53.6822,55.5671,55.0767,63.7159,55.3863,54.7808,55.0822,55.2213
Spain,1433.1995,1492.3315,1504.5288,1542.3644,1571.4372,1607.2575,1588.1698,1611.1397,1547.0027,1467.4904,1441.0356,1385.2767,1289.0055
Sweden,361.9863,369.0027,372.589,369.011,368.3934,359.5699,354.4685,350.3699,336.8115,318.2822,335.8658,324.1068,310.8033
Switzerland,273.9508,276.8356,267.6822,270.0959,269.7158,271.3068,270.4438,258.6493,267.4945,259.789,265.611,246.5781,249.8607
Turkey,662.7811,613.5516,651.4592,637.2269,651.8002,647.5017,662.9616,671.7297,655.3494,678.1644,649.8493,655.3397,670.5464
United Kingdom,1765.4399,1746.9863,1738.6383,1758.7616,1785.4016,1820.2849,1805.7343,1752.8575,1726.0465,1636.7425,1621.4657,1583.8192,1502.653
Armenia,35.20768,37.09082,38.63671,39.91049,41.2359,44.40115,45.20129,46.68348,47,45.77984,46.52126,48,47.18435
Azerbaijan,136.88773,119.88992,110.35008,110.77723,112.60131,115.35119,114.37499,109.40288,84.41238,79.87161,78.08862,85,85.32332
Belarus,139.767,130.3312,123.43725,142.82887,158.45931,171.30064,174.28234,175.66381,157.28414,182.53186,152.41085,188,187.62234
Estonia,21.3224,24.1589,25.0329,24.0931,25.0137,25.2192,27.063,28.5123,27.4071,24.6274,25.5507,25.4787,25.9768
Former U.S.S.R.,--,--,--,--,--,--,--,--,--,--,--,--,--
Georgia,15.84167,12.66935,12.29387,12.44115,12.96573,15.03973,16.14322,18.05896,18.86315,19.88913,21.11132,20,17.02069
Kazakhstan,194.74788,210.45053,217.15918,206.9837,221.25186,228.97926,234.46372,235.97005,247.50436,209.95446,206.31951,216,250.69225
Kyrgyzstan,10.5695,9.24867,10.09052,9.57267,12.23265,13.69773,13.55126,14.30658,25.64953,34.08614,32.6094,34,33.41362
Latvia,28.85522,29.74678,28.23055,29.81885,32.63475,35.43307,37.85282,35.1409,35.73477,32.42808,31.81367,35,32.41351
Lithuania,56.5316,54.63841,53.03532,51.55871,55.07215,68.35198,73.04882,74.14962,67.67499,57.0145,56.97809,60,72.67953
Moldova,9.58288,10.55534,11.98485,12.90901,14.29555,14.61923,14.53205,15.55951,15.56312,14.42842,16.96545,17,19.65992
Russia,2578.49807,2590.23179,2636.40875,2681.86287,2750.81387,2785.13646,2803.46812,2697.38699,2906.03991,2950.42683,2992.09124,3115.02862,3195.47427
Tajikistan,23.33237,24.95694,25.44528,27.4935,29.48893,31.74588,33.9241,39.62156,10.77159,10.33668,11.76561,14,14.42097
Turkmenistan,62.36065,74.14633,78.45829,86.78452,94.5529,95.59068,94.98395,99.82164,88.44581,83.65475,102.46918,110,121.85194
Ukraine,260.14025,304.45932,308.03499,322.45701,325.34412,352.42011,367.14376,361.73093,337.62107,293.78029,289.20476,300,318.75629
Uzbekistan,146.09207,148.25523,151.36345,150.46685,152.1107,145.26308,137.20511,141.6346,85.73768,94.03435,96.45236,98,106.02223
Bahrain,23.28591,23.97912,23.91773,25.94879,29.09156,30.51584,39.14797,43.21912,42.7977,45.99874,49.92386,52,50.493
Iran,1248.31697,1285.31813,1350.34668,1425.65445,1488.52473,1556.44021,1642.91506,1655.69699,1741.86318,1765.91694,1726.44027,1700,1709.4071
Iraq,462.31507,489.07897,497.37299,457.37876,502.66032,541.02839,532.99287,570.80792,584.99205,643.45191,662.03812,720,751.23538
Israel,252.4126,233.6822,246.8603,254.5836,248.276,233.4356,242.1452,250.7507,246.0956,232.7479,251.2521,247.6164,281.4645
Jordan,101.07572,98.83847,103.3301,106.42877,106.97502,112.43023,107.73273,103.5094,96.51505,97.64213,106.32399,113,108.6071
Kuwait,264.42198,275.18396,285.15727,297.82679,305.31851,329.93803,317.06052,321.60551,325.31866,372.14141,383.38461,383,383
Lebanon,105.53167,101.31773,101.91553,104.49362,102.28997,97.45164,86.74616,79.11151,102.65259,128.86145,120.37085,134,104.86357
Oman,52.54117,54.71956,57.23217,58.43255,63.91108,72.0646,78.03322,90.95882,121.64244,108.63902,113.54756,123,144.89733
Palestinian Territories,7.08227,10.19074,8.92003,9.71222,15.9389,19.97633,21.62019,22.11096,15.4214,16.32969,16.32969,20,23.26348
Qatar,48.17414,54.48447,62.25185,71.88333,82.84643,86.084,94.99609,121.5751,165.54666,134.20317,123.30604,160,189.74377
Saudi Arabia,1537.10135,1606.29944,1676.24767,1774.58907,1884.4138,1963.64362,2020.02079,2144.44867,1979.89499,2194.53975,2371.37997,2816,2861
Syria,255.52385,253.72949,256.08473,257.10333,257.6186,258.65365,261.11815,264.30652,309.56597,314.54741,317.79685,320,257.64699
United Arab Emirates,330.48427,324.64581,334.62612,333.00985,351.13663,374.22969,448.48776,477.58296,620.03699,565.90226,618.25462,618,618
Yemen,96.61733,102.45388,112.31097,121.49196,123.28182,128.17524,140.06712,121.01271,147.27852,131.16657,131.05187,130,136.89001
Algeria,206.17712,217.91445,224.55862,228.77103,238.35263,254.75687,252.67145,271.09126,286.27742,319.09595,323.28317,330,328.06283
Angola,29.25882,43.03732,44.89467,47.46024,48.28545,49.56101,56.2949,64.57984,69.44778,75.31354,87.34255,88,93.90035
Benin,11.36612,11.39726,12.12732,14.15814,16.77249,17.56263,20.79449,22.56373,23.73332,31.09104,34.76833,36,31.63822
Botswana,13.96549,11.53437,11.08044,11.08044,13.4876,14.51945,15.19597,15.59025,19.05992,18.37685,19.35723,20,15.45397
Burkina Faso,7.47932,7.58405,7.78482,8.05118,8.15847,8.3254,8.4473,9.47236,13.39786,11.64434,11.89304,12,10.06903
Burundi,2.6365,2.79792,2.83005,2.94397,2.68691,2.63499,2.55655,2.35477,1.32228,1.45997,1.45614,1.4,2.27415
Cameroon,22.73397,22.53761,22.45295,23.49668,23.5227,23.7977,26.12573,29.34945,30.69734,33.43015,36.47936,35,29.50744
Cape Verde,1.50432,1.04816,1.12375,1.12375,2.07975,1.80208,1.98396,2.33581,2.40741,2.64622,2.64622,2.7,2.68771
Central African Republic,2.19522,2.23992,2.32882,2.32882,2.20123,2.09564,2.20323,2.41773,2.48107,2.31756,2.31756,2.3,2.94958
Chad,1.3418,1.36885,1.4123,1.4123,1.31648,1.4511,1.57085,1.83655,1.75351,1.75351,1.75351,1.8,1.84839
Comoros,0.64164,0.66677,0.68849,0.68849,0.70907,0.75537,0.7662,0.96677,1.00923,1.00923,0.87707,1,1.05098
Congo (Brazzaville),4.40018,5.5859,4.82963,6.04204,6.71131,7.55155,8.22608,9.06468,9.9771,11.67338,13.61273,13,11.8683
Congo (Kinshasa),14.15525,9.53329,8.08926,8.13277,11.31749,11.60485,11.26252,12.96953,11.50274,11.4889,14.7089,12,9.73037
Cote dIvoire (IvoryCoast),32.90027,21.72496,23.14564,22.91255,26.87154,27.68965,27.45031,24.8448,28.32849,26.9848,27.54777,28,23.63793
Djibouti,11.20582,11.38219,11.40044,11.6506,11.84262,11.70542,11.45673,11.21052,7.96741,8.0696,8.0696,9,11.61347
Egypt,552.80492,544.66808,564.70081,561.10781,603.91593,625.23999,658.44207,693.53286,700.72219,720.71308,737.623,745,755
Equatorial Guinea,1.53156,1.14877,1.14877,1.19332,1.02626,1.06995,1.11449,1.7286,5.19704,3.11923,5.36507,4,2.46784
Eritrea,4.16475,4.92858,4.58934,5.18296,4.86967,4.87249,4.86392,4.52233,2.73345,3.33025,3.25192,3,4.67269
Ethiopia,22.72645,23.30833,25.63893,27.55088,28.59179,29.81233,33.71227,37.32893,46.99458,45.59529,42.32852,47,54.10622
Gabon,12.14297,12.52712,11.93556,12.58462,12.72441,12.66823,13.89145,15.46326,19.63693,14.30074,16.53582,14,15.8363
Gambia, The,1.78975,1.91729,1.96696,1.99033,2.0082,2.08162,2.22466,2.76578,2.8709,3.11753,3.39282,3,3.25811
Ghana,36.96133,36.26958,38.64913,41.5376,45.29787,45.95419,46.97457,47.66395,44.3743,53.87233,64.72961,65,63.94614
Guinea,8.21238,8.30436,8.36203,8.4029,8.48115,8.74384,8.67433,8.55882,8.96998,9.08902,9.08902,9,8.72562
Guinea-Bissau,2.2973,2.32403,2.40518,2.46942,2.46268,2.56022,2.54501,2.62819,2.57767,2.66142,2.66142,2.7,2.96793
Kenya,56.80086,51.92744,51.17241,54.20291,59.17774,65.8089,73.154,73.05641,67.8197,75.64327,79.84501,81,81.44677
Lesotho,1.4,1.4,1.4,1.4,1.4,1.5,1.5529,1.69,1.813,1.5529,3.71107,3,1.80701
Liberia,2.93596,3.0951,3.35734,3.45674,3.50918,3.54904,4.14072,4.52901,4.04057,3.75019,3.64909,4,3.64747
Libya,210.28254,225.1721,233.34913,244.08873,254.51024,264.92641,267.90918,271.29016,257.66729,262.92953,280.32303,130,170.35787
Madagascar,12.13131,13.32438,15.31081,15.84255,17.39493,16.73267,16.57493,16.49548,13.67605,12.11832,12.25483,12,18.94942
Malawi,5.25691,5.34923,5.41184,5.43301,6.26331,6.78595,6.96022,7.18778,7.20941,6.05932,6.05932,6,12.42727
Mali,3.8406,3.85112,4.20151,4.24093,4.36929,4.8597,4.40244,4.5074,4.56762,4.69814,4.69814,5,5.20281
Mauritania,23.76278,23.73696,22.74501,23.29956,19.95896,23.51874,20.61433,18.70425,12.88159,12.80502,12.80502,12,17.96813
Mauritius,19.87986,21.74671,19.78818,20.54994,21.37783,21.8909,22.20038,23.02085,22.76545,20.62429,21.00224,22,25.0251
Morocco,158.4797,161.22382,164.28099,167.06915,170.29291,174.13843,180.78644,183.18371,215.68674,235.25636,243.91549,240,206.16252
Mozambique,7.81249,9.36707,10.64647,11.18921,13.32437,13.37901,13.58921,14.35236,13.22038,15.02153,16.14282,17,21.61413
Namibia,12.63063,15.05071,15.41704,16.63564,17.57861,17.74545,19.11729,20.11353,20.38584,21.98934,20.81362,22,25.12295
Niger,4.97757,5.06858,5.29926,5.40477,5.41167,5.42521,5.36732,5.4431,3.32973,5.13559,5.13021,5,5.68599
Nigeria,245.56514,305.68901,303.94651,288.47458,277.07379,311.62722,284.46655,268.94167,269.13,242.50152,242.19894,240,269.88735
Reunion,17.72478,18.53471,18.49175,18.49962,18.81831,19.20378,19.43551,19.73893,19.89942,20.51167,20.51167,20,19.51607
Rwanda,5.18773,5.24192,5.26529,5.32734,5.16481,5.49677,5.62323,5.12532,5.09842,5.30188,5.27597,5.5,5.27222
Saint Helena,0.15511,0.08542,0.08542,0.08542,0.06407,0.08542,0.07973,0.08468,0.06605,0.06312,0.06312,0.1,0.08
Sao Tome and Principe,0.61404,0.61573,0.63616,0.63616,0.63443,0.65953,0.72553,0.88904,0.88904,0.88373,0.88904,0.9,0.91738
Senegal,29.55074,29.444,30.05438,30.32227,33.84846,36.18445,37.15448,37.68342,26.06984,36.16281,36.64975,38,42.12175
Seychelles,3.8365,3.95178,5.72485,5.54297,5.79992,5.7191,5.9174,6.29871,6.92322,7.45728,6.31621,8,8.39156
Sierra Leone,6.14855,6.29258,6.40399,6.55337,7.79347,7.76391,7.84269,8.39836,9.97427,9.37277,9.37277,10,9.13133
Somalia,4.8,4.8,4.8,4.8,4.8,4.85773,5.11005,5.76107,5.46197,5.39948,5.39948,5,5.63651
South Africa,457.92609,458.2411,475.44208,490.2106,503.91002,536.62699,550.62859,560.83544,526.93515,532.60886,549.41259,595,608.82289
Sudan and South Sudan,43.10575,55.98863,58.29697,65.42314,71.21046,76.59927,87.42005,85.11115,94.19003,125.28813,130.75225,132,94.85287
Swaziland,3.53,3.53,3.53,3.53,3.53,3.53,3.93067,4.68644,4.89757,4.76122,4.76122,4.8,4.53827
Tanzania,16.16798,18.94756,21.72647,23.21052,24.80221,26.75644,28.06586,30.25822,32.67786,34.44025,30.74937,35,47.63991
Togo,9.46634,6.8174,8.80192,14.19951,15.12858,14.93321,15.56882,16.73826,8.82499,9.21844,9.77312,10,11.22825
Tunisia,84.54766,87.22116,87.86296,87.65918,89.39993,89.93405,88.32429,88.43608,91.69036,87.12702,87.65187,93,89.27796
Uganda,8.5609,9.52222,9.92975,10.6866,10.87421,11.38992,12.87863,13.90022,23.9497,22.16103,22.98877,23,17.22651
Western Sahara,1.67716,1.70219,1.70219,1.70219,1.69754,1.92466,1.70219,1.80197,1.70219,1.70219,1.70219,1.7,1.99031
Zambia,10.74075,11.76068,12.18905,12.7373,13.27364,14.0741,14.54259,14.80088,11.86118,12.96497,14.43357,17,20.20629
Zimbabwe,25.34623,23.45882,22.3206,20.40756,13.37478,15.8046,13.83373,13.27142,12.65074,12.49786,13.29304,14,20.97497
Afghanistan,4.72478,4.69249,4.78504,3.81301,4.11989,4.44085,4.40441,4.51211,4.97575,36.25321,36.25321,36,36
American Samoa,3.7441,3.75436,3.81732,3.81732,3.80689,4.0657,4.14,4.44,2.697,4.14,2.00315,3,4.04089
Australia,872.429,871.0681,882.4226,888.0264,912.8835,954.848,962.0318,976.4434,1054.716,1041.8184,1059.7344,1104.5542,1126.0733
Bangladesh,68.79917,81.2547,82.77266,83.86589,84.63662,86.76301,90.77417,90.75742,94.07282,100.72684,107.89172,110,113.63908
Bhutan,0.97975,1.04742,1.0883,1.12992,1.13814,1.15184,1.16811,1.54893,1.59003,1.99597,1.99819,2,1.74393
Brunei,12.04709,11.59219,11.46987,12.93968,12.95353,14.02728,14.09169,14.67463,16.34115,15.46687,16.28344,16,14.8531
Burma (Myanmar),36.74748,33.65115,34.52114,35.96662,40.29008,42.99365,40.01023,39.77258,29.15551,26.51126,26.69494,27,27.3621
Cambodia,17.45619,20.47167,21.9406,23.73658,26.46307,28.01786,30.9749,33.20205,34.33825,32.29795,26.25466,33,43.33085
China,4795.71476,4917.88185,5160.71446,5578.11051,6437.48377,6695.44375,7263.32828,7534.08151,7467.51975,8539.72543,9330.17597,9852.08038,10276.82554
Cook Islands,0.38721,0.38827,0.38827,0.38827,0.42926,0.47553,0.49496,0.4643,0.48474,0.48474,0.48474,0.5,1.00883
Fiji,9.32773,10.10764,12.19523,15.71815,17.1846,17.00136,17.88718,16.9969,14.36731,9.4373,9.21315,9,10.12267
French Polynesia,4.57628,4.58882,4.82458,5.73433,5.67751,6.27107,6.70126,6.61132,7.2463,6.99396,7.19047,7,7
Guam,18.58219,20.21118,13.65803,15.39726,12.12568,13.52603,14.2274,12.71233,11,6.81918,6.57882,8,12.64321
Hawaiian Trade Zone,--,--,--,--,--,--,--,--,--,--,--,--,--
Hong Kong,244.9176,245.38485,272.63485,276.58474,318.15318,331.30041,318.48151,327.52619,295.95248,353.26858,382.54781,365,289.57271
India,2127.43846,2183.73028,2263.43936,2346.32825,2429.61612,2512.43088,2690.89808,2800.75422,2863.99804,3112.73607,3255.39117,3410.54441,3621.75052
Indonesia,1036.70413,1077.00463,1125.64997,1142.67293,1232.57245,1279.14978,1256.49156,1226.94285,1229.26874,1300.88929,1384.36271,1384,1384
Japan,5515.4262,5411.9534,5318.7589,5428.4137,5318.765,5327.9452,5197.4,5037.0438,4798.1475,4389.8822,4455.4356,4471.1616,4714.8033
Kiribati,0.16727,0.16773,0.21696,0.21696,0.21637,0.25912,0.26077,0.28414,0.26077,0.42036,0.42024,0.4,0.4
Korea, North,25.3785,22.51002,24.52539,24.52102,24.02019,18.61871,14.24945,16.68271,17.10027,13.33855,12.75164,14,14.9732
Korea, South,2135.3306,2132.0411,2149.1534,2175.3836,2155.1202,2191.337,2179.9041,2240.5096,2142.3088,2188.5014,2268.5699,2257.7288,2301.0355
Laos,2.72932,2.73679,2.85181,2.93852,2.89773,3.03595,3.08033,3.13364,3.18357,3.15988,3.15988,3,3.45657
Macau,10.11658,10.72567,11.72559,12.26068,15.03035,12.86071,15.07559,15.16611,8.28043,12.31775,10.08136,12,19.08851
Malaysia,465.02397,475.10421,462.74771,479.85719,508.03827,521.84874,534.41372,544.9369,669.09795,585.0898,598.3996,598,598
Maldives,3.13604,3.37441,6.18699,6.96359,4.87287,3.89359,5.40625,6.088,6.23693,6.94142,6.94007,7,7.31153
Mongolia,8.49533,9.86241,10.67178,10.34825,12.27549,12.63121,13.88156,15.37562,18.16395,16.52548,17.35553,19,23.26291
Nauru,0.96495,0.96759,1.00756,1.00756,1.02301,1.04918,1.02581,1.04405,1.04405,1.07541,1.07541,1,1
Nepal,14.90361,15.25786,15.50816,15.67241,16.15372,16.71896,16.9189,16.70052,17.24668,19.98597,21.93959,20,18.88741
New Caledonia,8.58825,8.61178,10.01521,10.01521,11.37213,11.42321,13.78266,13.93797,13.81614,14.54929,14.54925,15,14.35224
New Zealand,133.8224,134.8822,140.7178,145.5315,150.2732,152.7617,154.3151,156.0027,157.3142,150.6575,151.6575,150.8657,151.0492
Niue,0.02038,0.02044,0.02044,0.02044,0.02038,0.02657,0.03066,0.0327,0.02257,0.02257,0.02257,0.02,0.02
Pakistan,365.01437,360.12451,355.89488,336.59883,326.84615,336.18628,357.0768,382.25948,389.75161,390.93525,392.30028,418,440.10731
Papua New Guinea,14.94098,14.98192,22.03548,25.17555,25.01649,25.07973,26.52887,26.43784,19.74231,19.72797,19.90396,20,20.04708
Philippines,352.76879,346.85363,337.75398,332.60964,337.22418,340.7884,332.46999,314.27814,300.23491,295.11376,309.24587,316,302.27944
Samoa,0.96989,0.97255,1.01636,1.01636,1.06019,1.12808,1.10471,1.12515,1.12515,1.14852,1.14852,1.1,1.09627
Singapore,660.3006,707.5564,698.03931,668.30419,745.65578,808.57578,828.9589,889.58779,1006.51772,1169.60659,1380.06306,1380,1380
Solomon Islands,1.20615,1.20945,1.25326,1.25326,1.29645,1.42556,1.32337,1.48542,1.43288,1.32337,1.46274,1.5,1.81641
Sri Lanka,74.60048,73.3791,76.40786,78.26835,80.99088,87.11212,84.38531,87.23668,85.6071,86.99831,81.71558,90,91.87742
Taiwan,865.3021,881.72385,893.73787,929.9011,948.02225,939.4891,959.90644,952.49781,888.79411,933.25679,971.99118,1030,1079.94549
Thailand,724.94033,701.61045,763.2703,832.31745,915.46632,930.89366,952.08511,941.344,729.12159,973.54812,1010.54295,1020,1009.01601
Timor-Leste (East Timor),--,--,--,1.10379,1.20016,1.20016,1.2206,2.20458,1.30822,1.26441,1.26441,1.3,1.97827
Tonga,0.91787,0.87811,0.77959,0.77959,0.84227,1.03482,1.1732,1.20222,1.20222,1.20222,1.20222,1.2,1.24326
U.S. Pacific Islands,2.00825,2.01375,2.01375,2.01375,2.00825,2.01375,2.06,2.1,2.39,2.06,2.41,2,1.937
Vanuatu,0.56443,0.56597,0.60978,0.60978,0.6285,0.6711,0.65359,0.76112,0.67639,0.83765,0.83765,1,1.10887
Vietnam,175.70699,178.5697,192.90208,214.6203,238.37421,244.58767,250.72986,277.2157,292.78452,293.98692,320.36001,365,387.87724
Wake Island,8.97866,9.00326,9.15671,9.15671,9.13169,9.09145,9.3,9.6,9.076,9.3,9.076,9,8.73361
